{
    "metadata":{
        "type":"BufferGeometry",
        "version":3,
        "normal":240,
        "position":240,
        "generator":"io_three",
        "uv":240
    },
    "data":{
        "index":{
            "itemSize":1,
            "type":"Uint16Array",
            "array":[0,1,2,3,4,5,6,7,8,9,10,11,12,13,14,15,16,17,18,19,20,21,22,23,24,25,26,27,28,29,30,31,32,33,34,35,36,37,38,39,40,41,42,43,44,45,46,47,48,49,50,51,52,53,54,55,56,57,58,59,60,61,62,63,64,65,66,67,68,69,70,71,72,73,74,75,76,77,78,79,80,81,82,83,84,85,86,87,88,89,90,91,92,93,94,95,96,97,98,99,100,101,102,103,104,105,106,107,108,109,110,111,112,113,114,115,116,117,118,119,120,121,122,123,124,125,126,127,128,129,130,131,132,133,134,135,136,137,138,139,140,141,142,143,144,145,146,147,148,149,150,151,152,153,154,155,156,157,158,159,160,161,162,163,164,165,166,167,168,169,170,171,172,173,174,175,176,177,178,179,180,181,182,183,184,185,186,187,188,189,190,191,192,193,194,195,196,197,198,199,200,201,202,203,204,205,206,207,208,209,210,211,212,213,214,215,216,217,218,219,220,221,222,223,224,225,226,227,228,229,230,231,232,233,234,235,236,237,238,239]
        },
        "attributes":{
            "normal":{
                "itemSize":3,
                "type":"Float32Array",
                "array":[0.102381,-0.943523,0.31509,0.102381,-0.943523,0.31509,0.102381,-0.943523,0.31509,0.700224,-0.661699,0.268032,0.700224,-0.661699,0.268032,0.700224,-0.661699,0.268032,-0.268034,-0.943523,0.194736,-0.268034,-0.943523,0.194736,-0.268034,-0.943523,0.194736,-0.268034,-0.943523,-0.194737,-0.268034,-0.943523,-0.194737,-0.268034,-0.943523,-0.194737,0.102381,-0.943523,-0.31509,0.102381,-0.943523,-0.31509,0.102381,-0.943523,-0.31509,0.904989,-0.330385,0.268032,0.904989,-0.330385,0.268032,0.904989,-0.330385,0.268032,0.0247466,-0.330386,0.943521,0.0247466,-0.330386,0.943521,0.0247466,-0.330386,0.943521,-0.889697,-0.330385,0.315095,-0.889697,-0.330385,0.315095,-0.889697,-0.330385,0.315095,-0.574602,-0.330388,-0.748783,-0.574602,-0.330388,-0.748783,-0.574602,-0.330388,-0.748783,0.534576,-0.330387,-0.777865,0.534576,-0.330387,-0.777865,0.534576,-0.330387,-0.777865,0.802609,-0.125627,0.583126,0.802609,-0.125627,0.583126,0.802609,-0.125627,0.583126,-0.306569,-0.125629,0.943522,-0.306569,-0.125629,0.943522,-0.306569,-0.125629,0.943522,-0.992077,-0.125628,0,-0.992077,-0.125628,0,-0.992077,-0.125628,0,-0.306569,-0.125629,-0.943522,-0.306569,-0.125629,-0.943522,-0.306569,-0.125629,-0.943522,0.802609,-0.125627,-0.583126,0.802609,-0.125627,-0.583126,0.802609,-0.125627,-0.583126,0.408946,0.661698,0.628425,0.408946,0.661698,0.628425,0.408946,0.661698,0.628425,-0.4713,0.661699,0.583122,-0.4713,0.661699,0.583122,-0.4713,0.661699,0.583122,-0.700224,0.661699,-0.268032,-0.700224,0.661699,-0.268032,-0.700224,0.661699,-0.268032,0.0385303,0.661699,-0.748779,0.0385303,0.661699,-0.748779,0.0385303,0.661699,-0.748779,0.724042,0.661695,-0.194736,0.724042,0.661695,-0.194736,0.724042,0.661695,-0.194736,0.268034,0.943523,-0.194737,0.268034,0.943523,-0.194737,0.268034,0.943523,-0.194737,0.491119,0.794657,-0.356821,0.491119,0.794657,-0.356821,0.491119,0.794657,-0.356821,0.408946,0.661699,-0.628425,0.408946,0.661699,-0.628425,0.408946,0.661699,-0.628425,-0.102381,0.943523,-0.31509,-0.102381,0.943523,-0.31509,-0.102381,0.943523,-0.31509,-0.187594,0.794658,-0.577345,-0.187594,0.794658,-0.577345,-0.187594,0.794658,-0.577345,-0.4713,0.661699,-0.583122,-0.4713,0.661699,-0.583122,-0.4713,0.661699,-0.583122,-0.331305,0.943524,0,-0.331305,0.943524,0,-0.331305,0.943524,0,-0.60706,0.794656,0,-0.60706,0.794656,0,-0.60706,0.794656,0,-0.700224,0.661699,0.268032,-0.700224,0.661699,0.268032,-0.700224,0.661699,0.268032,-0.102381,0.943523,0.31509,-0.102381,0.943523,0.31509,-0.102381,0.943523,0.31509,-0.187594,0.794658,0.577345,-0.187594,0.794658,0.577345,-0.187594,0.794658,0.577345,0.0385306,0.661699,0.748779,0.0385306,0.661699,0.748779,0.0385306,0.661699,0.748779,0.268034,0.943523,0.194737,0.268034,0.943523,0.194737,0.268034,0.943523,0.194737,0.491119,0.794657,0.356821,0.491119,0.794657,0.356821,0.491119,0.794657,0.356821,0.724042,0.661695,0.194736,0.724042,0.661695,0.194736,0.724042,0.661695,0.194736,0.889697,0.330385,-0.315095,0.889697,0.330385,-0.315095,0.889697,0.330385,-0.315095,0.794656,0.187595,-0.577348,0.794656,0.187595,-0.577348,0.794656,0.187595,-0.577348,0.574602,0.330388,-0.748784,0.574602,0.330388,-0.748784,0.574602,0.330388,-0.748784,-0.0247467,0.330386,-0.943521,-0.0247467,0.330386,-0.943521,-0.0247467,0.330386,-0.943521,-0.303531,0.187597,-0.934171,-0.303531,0.187597,-0.934171,-0.303531,0.187597,-0.934171,-0.534576,0.330387,-0.777865,-0.534576,0.330387,-0.777865,-0.534576,0.330387,-0.777865,-0.904989,0.330385,-0.268031,-0.904989,0.330385,-0.268031,-0.904989,0.330385,-0.268031,-0.982246,0.187599,0,-0.982246,0.187599,0,-0.982246,0.187599,0,-0.904989,0.330385,0.268031,-0.904989,0.330385,0.268031,-0.904989,0.330385,0.268031,-0.534576,0.330386,0.777865,-0.534576,0.330386,0.777865,-0.534576,0.330386,0.777865,-0.303531,0.187597,0.934171,-0.303531,0.187597,0.934171,-0.303531,0.187597,0.934171,-0.0247465,0.330386,0.943521,-0.0247465,0.330386,0.943521,-0.0247465,0.330386,0.943521,0.574602,0.330388,0.748784,0.574602,0.330388,0.748784,0.574602,0.330388,0.748784,0.794656,0.187595,0.577348,0.794656,0.187595,0.577348,0.794656,0.187595,0.577348,0.889697,0.330385,0.315095,0.889697,0.330385,0.315095,0.889697,0.330385,0.315095,0.306569,0.125629,-0.943522,0.306569,0.125629,-0.943522,0.306569,0.125629,-0.943522,0.303531,-0.187597,-0.934171,0.303531,-0.187597,-0.934171,0.303531,-0.187597,-0.934171,0.0247466,-0.330386,-0.943521,0.0247466,-0.330386,-0.943521,0.0247466,-0.330386,-0.943521,-0.802609,0.125627,-0.583126,-0.802609,0.125627,-0.583126,-0.802609,0.125627,-0.583126,-0.794656,-0.187595,-0.577348,-0.794656,-0.187595,-0.577348,-0.794656,-0.187595,-0.577348,-0.889697,-0.330385,-0.315095,-0.889697,-0.330385,-0.315095,-0.889697,-0.330385,-0.315095,-0.802609,0.125627,0.583126,-0.802609,0.125627,0.583126,-0.802609,0.125627,0.583126,-0.794656,-0.187595,0.577348,-0.794656,-0.187595,0.577348,-0.794656,-0.187595,0.577348,-0.574602,-0.330388,0.748784,-0.574602,-0.330388,0.748784,-0.574602,-0.330388,0.748784,0.306569,0.125629,0.943522,0.306569,0.125629,0.943522,0.306569,0.125629,0.943522,0.303531,-0.187597,0.934171,0.303531,-0.187597,0.934171,0.303531,-0.187597,0.934171,0.534576,-0.330387,0.777865,0.534576,-0.330387,0.777865,0.534576,-0.330387,0.777865,0.992077,0.125628,-0,0.992077,0.125628,-0,0.992077,0.125628,-0,0.982246,-0.187599,0,0.982246,-0.187599,0,0.982246,-0.187599,0,0.904989,-0.330385,-0.268031,0.904989,-0.330385,-0.268031,0.904989,-0.330385,-0.268031,0.4713,-0.661699,-0.583122,0.4713,-0.661699,-0.583122,0.4713,-0.661699,-0.583122,0.187594,-0.794658,-0.577345,0.187594,-0.794658,-0.577345,0.187594,-0.794658,-0.577345,-0.0385305,-0.661699,-0.748779,-0.0385305,-0.661699,-0.748779,-0.0385305,-0.661699,-0.748779,-0.408946,-0.661699,-0.628425,-0.408946,-0.661699,-0.628425,-0.408946,-0.661699,-0.628425,-0.491119,-0.794657,-0.356821,-0.491119,-0.794657,-0.356821,-0.491119,-0.794657,-0.356821,-0.724042,-0.661695,-0.194736,-0.724042,-0.661695,-0.194736,-0.724042,-0.661695,-0.194736,-0.724042,-0.661695,0.194736,-0.724042,-0.661695,0.194736,-0.724042,-0.661695,0.194736,-0.491119,-0.794657,0.356821,-0.491119,-0.794657,0.356821,-0.491119,-0.794657,0.356821,-0.408946,-0.661698,0.628425,-0.408946,-0.661698,0.628425,-0.408946,-0.661698,0.628425,0.700224,-0.661699,-0.268032,0.700224,-0.661699,-0.268032,0.700224,-0.661699,-0.268032,0.60706,-0.794656,0,0.60706,-0.794656,0,0.60706,-0.794656,0,0.331305,-0.943524,0,0.331305,-0.943524,0,0.331305,-0.943524,0,-0.0385303,-0.661699,0.748779,-0.0385303,-0.661699,0.748779,-0.0385303,-0.661699,0.748779,0.187594,-0.794658,0.577345,0.187594,-0.794658,0.577345,0.187594,-0.794658,0.577345,0.4713,-0.661699,0.583122,0.4713,-0.661699,0.583122,0.4713,-0.661699,0.583122]
            },